Product,Date,Campaign Name,Target Audience,Message,Creative,Total Request,Sent,Delivered,Read,Failed
FinoPay,16th Nov,Vkyc,Vkyc Pending Customers,,,16568,16568,11239,8674,2599
FinoPay,22nd Nov,Vkyc,Vkyc Pending Customers,,,28065,28065,21057,14866,3080
Bhavishya Account,23rd Nov,Bhavishya*Braingym,Newly Onboarded Customers,,,36334,36334,22668,18809,9562
Bhavishya Account,23rd Nov,Bhavishya*Braingym,Renewal Pending Customers,,,24970,24970,14214,11001,8175
FinoPay,20th Nov,ReKyc through Vkyc,ReKyc Pending Customers,,,82931,82926,26158,18732,50138
DMT,1st Nov - 28th Nov,DMT Slabs,Distributors (According to Slabs),,,,,,,
International Remittance,1st Nov - 28th Nov,Ria Money,Customers and Merchants,,,,,,,
Kisan Samman Nidhi Yojana,14th Nov,Kisan Samman Nidhi Yojana,MATM AEPS Transaction Merchants,,,200354,200347,168638,136585,23468
FinoPay,10th Nov,Digital Gold,FinoPay Active Customers,,,77053,77053,61696,50209,8236
FinoPay,15th Nov,Merchant Refer & Earn,CASA Customers (opened CASA through merchant point),,,52782,52782,42225,30723,7783
CAM ,9th Nov,CAM Hindi,Freelance Employees (Tagged as Merchants)- MP,,,792,792,628,471,119
CAM ,9th Nov,CAM Gujarati,Freelance Employees (Tagged as Merchants)- Gujarat,,,239,239,199,164,31
DMT,01-12-2023 16:19,dmt_1_2,Merchant Base,"*Extra Commission On Dmt Business!* To achieve *Slab 1* Targets & get additional 0.02% Commission, To achieve *Slab 2* Targets & get Additional 0.03% Commission. (December 2023 Offer)",,265,265,181,152,70
DMT,01-12-2023 16:21,dmt_1_2,Merchant Base,"*Extra Commission On Dmt Business!* To achieve *Slab 1* Targets & get additional 0.02% Commission, To achieve *Slab 2* Targets & get Additional 0.03% Commission. (December 2023 Offer)",,87,87,59,51,23
DMT,01-12-2023 16:22,dmt_3,Merchant Base,"*Extra Commission On Dmt Business!* To achieve *Slab 1* Targets & get additional 0.03% Commission, To achieve *Slab 2* Targets & *get Additional 0.04% Commission. (December 2023 Offer)",,88,88,64,57,23
FinoPay OTT,02-12-2023 14:49,finopay_eng,CASA Dump,"*Now Open and Fund your FinoPay Savings Account to watch your favourite web series.ЁЯФетЬи*

1. Get 18 OTTplay channels subscription worth тВ╣ 1532/- for a month in just *тВ╣ 1/-*. 
2. Cash-back of тВ╣ 50/- on your 1st Bill Payment and UPI transaction using FinoPay. 
*For detailed T&C, visit our website.

- Fino Payments Bank",,116647,116647,69595,60859,36832
DMT,04-12-2023 16:59,dmt_1_2,Merchant Base,"*Extra Commission On Dmt Business!* To achieve *Slab 1* Targets & get additional 0.02% Commission, To achieve *Slab 2* Targets & get Additional 0.03% Commission. (December 2023 Offer)",,265,265,182,150,70
DMT,04-12-2023 17:00,dmt_1_2,Merchant Base,"*Extra Commission On Dmt Business!* To achieve *Slab 1* Targets & get additional 0.02% Commission, To achieve *Slab 2* Targets & get Additional 0.03% Commission. (December 2023 Offer)",,87,87,59,50,23
DMT,04-12-2023 17:02,dmt_3,Merchant Base,"*Extra Commission On Dmt Business!* To achieve *Slab 1* Targets & get additional 0.03% Commission, To achieve *Slab 2* Targets & *get Additional 0.04% Commission. (December 2023 Offer)",,88,88,64,57,23
FinoPay OTT,08-12-2023 16:15,finopay_ott_play_codes,Active FinoPay User Base,"Hi {{1}},

Congratulations on opening an account with Fino. Claim your OTTPlay voucher through this code ( {{2}} ).
Kindly click on *https://bit.ly/3uRcan7* to redeem.
Valid till 6th FebтАЩ24.

-Fino Payments Bank",,5394,5394,3911,3448,712
Christmas Bonanza,09-12-2023 11:10,christmas_bonanza,Merchant Base,"*This December*,

Earn big with Christmas Bonanza by promoting FinoPay.ЁЯТ╡
Encourage your customers to maintain their Monthly Average Balance and get commission upto *0.45%*.тЬи
Refer Merchant Brochure for MAB Scheme.

*T&C Apply

- Fino Payments Bank",,56649,56649,42567,33947,10614
DMT,11-12-2023 11:22,dmt_1_2,Merchant Base,"*Extra Commission On Dmt Business!* To achieve *Slab 1* Targets & get additional 0.02% Commission, To achieve *Slab 2* Targets & get Additional 0.03% Commission. (December 2023 Offer)",,265,265,182,145,71
DMT,11-12-2023 11:23,dmt_1_2,Merchant Base,"*Extra Commission On Dmt Business!* To achieve *Slab 1* Targets & get additional 0.02% Commission, To achieve *Slab 2* Targets & get Additional 0.03% Commission. (December 2023 Offer)",,87,87,60,49,23
DMT,11-12-2023 11:24,dmt_3,Merchant Base,"*Extra Commission On Dmt Business!* To achieve *Slab 1* Targets & get additional 0.03% Commission, To achieve *Slab 2* Targets & *get Additional 0.04% Commission. (December 2023 Offer)",,88,88,62,55,23
Rekyc through Vkyc,11-12-2023 15:01,rekyc_braingym_eng,Rekyc Pending Base,"Dear Customer,
Re-activate your Account with Fino at your convenience.
-> Log in to your account using тАЬFinoPayтАЭ Application
-> Click on тАЬYour profileтАЭ (Top left corner)
-> Click on тАЬRe-KYC through V-KYCтАЭ to complete your KYC at home
And enjoy 1 month FREE тАЬBrainGymJr subscriptionтАЭ worth тАЬRs.199тАЭ",,82946,82946,26273,19900,50049
Balance Buildup MAB,11-12-2023 17:17,balance_buildup,Balance Buildup Base,"Maintain Balance of Rs.2000 and above, till 31st December to get a cashback of Rs.25 and a Free BrainGymJr subscription worth тВ╣ 199. - Fino Payments Bank",,42460,42460,24030,19520,13667
DMT,13-12-2023 12:17,dmt_1_2_hindi,Merchant Base,"*рдбреАрдПрдордЯреА рд╡реНрдпрд╡рд╕рд╛рдп рдкрд░ рдЕрддрд┐рд░рд┐рдХреНрдд рдХрдореАрд╢рди!* рдбреАрдПрдордЯреА рдХреЗ рд▓рд┐рдП рд╕реНрд▓реИрдм 1 рд▓рдХреНрд╖реНрдп рдкреНрд░рд╛рдкреНрдд рдХрд░реЗрдВ рдФрд░ рдЕрддрд┐рд░рд┐рдХреНрдд 0.02% рдХрдореАрд╢рди рдкреНрд░рд╛рдкреНрдд рдХрд░реЗрдВред, рдбреАрдПрдордЯреА рдХреЗ рд▓рд┐рдП рд╕реНрд▓реИрдм 2 рд▓рдХреНрд╖реНрдп рдкреНрд░рд╛рдкреНрдд рдХрд░реЗрдВ рдФрд░ рдЕрддрд┐рд░рд┐рдХреНрдд 0.03% рдХрдореАрд╢рди рдкреНрд░рд╛рдкреНрдд рдХрд░реЗрдВред ( рджрд┐рд╕рдВрдмрд░ 2023 рдСрдлрд░ )",,265,265,180,138,72
DMT,13-12-2023 12:18,dmt_1_2_hindi,Merchant Base,"*рдбреАрдПрдордЯреА рд╡реНрдпрд╡рд╕рд╛рдп рдкрд░ рдЕрддрд┐рд░рд┐рдХреНрдд рдХрдореАрд╢рди!* рдбреАрдПрдордЯреА рдХреЗ рд▓рд┐рдП рд╕реНрд▓реИрдм 1 рд▓рдХреНрд╖реНрдп рдкреНрд░рд╛рдкреНрдд рдХрд░реЗрдВ рдФрд░ рдЕрддрд┐рд░рд┐рдХреНрдд 0.02% рдХрдореАрд╢рди рдкреНрд░рд╛рдкреНрдд рдХрд░реЗрдВред, рдбреАрдПрдордЯреА рдХреЗ рд▓рд┐рдП рд╕реНрд▓реИрдм 2 рд▓рдХреНрд╖реНрдп рдкреНрд░рд╛рдкреНрдд рдХрд░реЗрдВ рдФрд░ рдЕрддрд┐рд░рд┐рдХреНрдд 0.03% рдХрдореАрд╢рди рдкреНрд░рд╛рдкреНрдд рдХрд░реЗрдВред ( рджрд┐рд╕рдВрдмрд░ 2023 рдСрдлрд░ )",,87,87,61,48,23
DMT,13-12-2023 12:20,dmt_3_hindi,Merchant Base,"*рдбреАрдПрдордЯреА рд╡реНрдпрд╡рд╕рд╛рдп рдкрд░ рдЕрддрд┐рд░рд┐рдХреНрдд рдХрдореАрд╢рди!* рдбреАрдПрдордЯреА рдХреЗ рд▓рд┐рдП рд╕реНрд▓реИрдм 1 рд▓рдХреНрд╖реНрдп рдкреНрд░рд╛рдкреНрдд рдХрд░реЗрдВ рдФрд░ рдЕрддрд┐рд░рд┐рдХреНрдд 0.03% рдХрдореАрд╢рди рдкреНрд░рд╛рдкреНрдд рдХрд░реЗрдВред, рдбреАрдПрдордЯреА рдХреЗ рд▓рд┐рдП рд╕реНрд▓реИрдм 2 рд▓рдХреНрд╖реНрдп рдкреНрд░рд╛рдкреНрдд рдХрд░реЗрдВ рдФрд░ рдЕрддрд┐рд░рд┐рдХреНрдд 0.04% рдХрдореАрд╢рди рдкреНрд░рд╛рдкреНрдд рдХрд░реЗрдВред (рджрд┐рд╕рдВрдмрд░ 2023 рдСрдлрд░)",,88,88,62,54,23
DMT,15-12-2023 15:28,dmt_1_2,Merchant Base,"*Extra Commission On Dmt Business!* To achieve *Slab 1* Targets & get additional 0.02% Commission, To achieve *Slab 2* Targets & get Additional 0.03% Commission. (December 2023 Offer)",,265,265,181,139,72
DMT,15-12-2023 15:29,dmt_3,Merchant Base,"*Extra Commission On Dmt Business!* To achieve *Slab 1* Targets & get additional 0.03% Commission, To achieve *Slab 2* Targets & *get Additional 0.04% Commission. (December 2023 Offer)",,88,88,63,52,23
DMT,15-12-2023 15:29,dmt_3,Merchant Base,"*Extra Commission On Dmt Business!* To achieve *Slab 1* Targets & get additional 0.03% Commission, To achieve *Slab 2* Targets & *get Additional 0.04% Commission. (December 2023 Offer)",,88,88,63,52,23
DMT,15-12-2023 15:29,dmt_1_2,Merchant Base,"*Extra Commission On Dmt Business!* To achieve *Slab 1* Targets & get additional 0.02% Commission, To achieve *Slab 2* Targets & get Additional 0.03% Commission. (December 2023 Offer)",,87,87,61,48,23
Balance Buildup MAB,15-12-2023 16:09,balance_buildup,Balance Buildup Base,"Maintain Balance of Rs.2000 and above, till 31st December to get a cashback of Rs.25 and a Free BrainGymJr subscription worth тВ╣ 199. - Fino Payments Bank",,42459,42459,24031,18847,13586
Balance Buildup Debit Card,15-12-2023 16:19,balance_buildup_debit_card,Balance Buildup Base,**тВ╣2 рд▓рд╛рдЦ* рддрдХ рдХрд╛ рдмреАрдорд╛ рдХрд╡рд░ рдФрд░ *тВ╣25* рдХрд╛ рдЕрддрд┐рд░рд┐рдХреНрдд рдХреИрд╢рдмреИрдХ рдкрд╛рдиреЗ рдХреЗ рд▓рд┐рдП рдЕрдкрдиреЗ рдХрд╛рд░реНрдб рдХреЛ рд╕рдХреНрд░рд┐рдп рд░рдЦреЗрдВред рд╕рд╛рде рд╣реА рдкрд╛рдЗрдпреЗ рдПрдХ рдорд╣реАрдиреЗ рдХреЗ рд▓рд┐рдП тВ╣199 рдореВрд▓реНрдп рдХрд╛ рдмреНрд░реЗрди рдЬрд┐рдо рдЬреБрдирд┐рдпрд░ рд╕рдмреНрд╕рдХреНрд░рд┐рдкреНрд╢рдиред - рдлрд┐рдиреЛ рдкреЗрдореЗрдВрдЯреНрд╕ рдмреИрдВрдХ,,42470,42470,24028,18630,13590
Rekyc through Vkyc,15-12-2023 16:55,rekyc_braingym_eng,Rekyc Pending Base,"""Dear Customer,
Re-activate your Account with Fino at your convenience.
-> Log in to your account using тАЬFinoPayтАЭ Application
-> Click on тАЬYour profileтАЭ (Top left corner)
-> Click on тАЬRe-KYC through V-KYCтАЭ to complete your KYC at home
And enjoy 1 month FREE тАЬBrainGymJr subscriptionтАЭ worth тАЬRs.199тАЭ""",,82946,82946,26274,18875,49870
Day 1,15-12-2023 17:24,day1,CDP Base,"рдирд┐рд░реНрдмрд╛рдз рдФрд░ рд╕реБрд╡рд┐рдзрд╛рдЬрдирдХ рдмреИрдВрдХрд┐рдВрдЧ рдХрд╛ рдЖрдирдВрдж рд▓реЗрдиреЗ рдХреЗ рд▓рд┐рдП рдлрд┐рдиреЛрдкреЗ рдРрдк рдбрд╛рдЙрдирд▓реЛрдб рдХрд░реЗрдВред

-рдлрд┐рдиреЛ рдкреЗрдореЗрдВрдЯреНрд╕ рдмреИрдВрдХ",,136779,136779,84551,71096,38845
VKYC,16-12-2023 11:49,vkyc_dec,Vkyc Pending Base,,,29278,29278,22237,15872,3386
Christmas Bonanza,16-12-2023 12:22,christmas_bonanza,Merchant Base,"*This December*,

Earn big with Christmas Bonanza by promoting FinoPay.ЁЯТ╡
Encourage your customers to maintain their Monthly Average Balance and get commission upto *0.45%*.тЬи
Refer Merchant Brochure for MAB Scheme.

*T&C Apply

- Fino Payments Bank",,56652,56652,42662,32135,10593
DMT,18-12-2023 12:00,dmt_1_2,Merchant Base,"*Extra Commission On Dmt Business!* To achieve *Slab 1* Targets & get additional 0.02% Commission, To achieve *Slab 2* Targets & get Additional 0.03% Commission. (December 2023 Offer)",,265,265,181,134,72
DMT,18-12-2023 12:01,dmt_1_2,Merchant Base,"*Extra Commission On Dmt Business!* To achieve *Slab 1* Targets & get additional 0.02% Commission, To achieve *Slab 2* Targets & get Additional 0.03% Commission. (December 2023 Offer)",,87,87,61,48,23
DMT,18-12-2023 12:02,dmt_3,Merchant Base,"*Extra Commission On Dmt Business!* To achieve *Slab 1* Targets & get additional 0.03% Commission, To achieve *Slab 2* Targets & *get Additional 0.04% Commission. (December 2023 Offer)",,88,88,64,50,23
Bhavishya*Braingym,18-12-2023 14:37,bhavishya_new_onboarding,Newly Onboarded Base,"рдкрд╛рдПрдВ рддреЗреЫ рджрд┐рдорд╛рдЧ рдХреЗ рд╕рд╛рде рд╕реБрд░рдХреНрд╖рд┐рдд рднрд╡рд┐рд╖реНрдп!
рдлрд┐рдиреЛ рдХреА рддрд░рдл рд╕реЗ рдЕрдкрдиреЗ BrainGym Jr рдХреА рдлреНрд░реА рд╕рдмреНрд╕рдХреНрд░рд┐рдкреНрд╢рди рдХреЛ рдкрд╛рдиреЗ рдХреЗ рд▓рд┐рдП рдЗрд╕ рдореИрд╕реЗрдЬ рдкрд░ рдХреНрд▓рд┐рдХ рдХрд░реЗрдВ рдФрд░ *FINO90* рдХреЛрдб рдХрд╛ рдЙрдкрдпреЛрдЧ рдХрд░реЗрдВ ред",,46150,46150,28992,23667,11559
Bhavishya*Braingym,18-12-2023 14:51,bhavishya_renewal,Renewal Base,"рдкрд╛рдПрдВ рддреЗреЫ рджрд┐рдорд╛рдЧ рдХреЗ рд╕рд╛рде рд╕реБрд░рдХреНрд╖рд┐рдд рднрд╡рд┐рд╖реНрдп!
рдлрд┐рдиреЛ рдХреА рддрд░рдл рд╕реЗ рдЕрдкрдиреЗ BrainGym Jr рдХреА рдлреНрд░реА рд╕рдмреНрд╕рдХреНрд░рд┐рдкреНрд╢рди рдХреЛ рдкрд╛рдиреЗ рдХреЗ рд▓рд┐рдП рдЗрд╕ рдореИрд╕реЗрдЬ рдкрд░ рдХреНрд▓рд┐рдХ рдХрд░реЗрдВ рдФрд░ *FINO30* рдХреЛрдб рдХрд╛ рдЙрдкрдпреЛрдЧ рдХрд░реЗрдВ ред",,23602,23602,13591,10723,7553
Balance Buildup MAB,19-12-2023 13:43,balance_buildup,Balance Buildup Base,"Maintain Balance of Rs.2000 and above, till 31st December to get a cashback of Rs.25 and a Free BrainGymJr subscription worth тВ╣ 199. - Fino Payments Bank",,42462,42462,24043,17942,13695
Rekyc through Vkyc,19-12-2023 14:06,rekyc_braingym_eng,Rekyc Pending Base,"""Dear Customer,
Re-activate your Account with Fino at your convenience.
-> Log in to your account using тАЬFinoPayтАЭ Application
-> Click on тАЬYour profileтАЭ (Top left corner)
-> Click on тАЬRe-KYC through V-KYCтАЭ to complete your KYC at home
And enjoy 1 month FREE тАЬBrainGymJr subscriptionтАЭ worth тАЬRs.199тАЭ""",,82935,82935,26288,17339,50008
Day 5,19-12-2023 14:24,day_5_dec_2023,CDP Base,"рдлрд┐рдиреЛрдкреЗ рдкрд░ рдпреВрдкреАрдЖрдИ рд╕рдХреНрд░рд┐рдп рдХрд░реЗрдВ рдФрд░ рдирд┐рд░реНрдмрд╛рдз рд░реВрдк рд╕реЗ рд▓реЗрдирджреЗрди рд╢реБрд░реВ рдХрд░реЗрдВред

-рдлрд┐рдиреЛ рдкреЗрдореЗрдВрдЯреНрд╕ рдмреИрдВрдХ",,136792,136792,84410,63485,38376
DMT,21-12-2023 11:17,dmt_1_2,Merchant Base,"*Extra Commission On Dmt Business!* To achieve *Slab 1* Targets & get additional 0.02% Commission, To achieve *Slab 2* Targets & get Additional 0.03% Commission. (December 2023 Offer)",,265,265,183,126,70
DMT,21-12-2023 11:18,dmt_1_2,Merchant Base,"*Extra Commission On Dmt Business!* To achieve *Slab 1* Targets & get additional 0.02% Commission, To achieve *Slab 2* Targets & get Additional 0.03% Commission. (December 2023 Offer)",,87,87,61,44,22
DMT,21-12-2023 11:19,dmt_3,Merchant Base,"*Extra Commission On Dmt Business!* To achieve *Slab 1* Targets & get additional 0.03% Commission, To achieve *Slab 2* Targets & *get Additional 0.04% Commission. (December 2023 Offer)",,88,88,63,47,23
DMT,23-12-2023 12:00,dmt_1_2,Merchant Base,"*Extra Commission On Dmt Business!* To achieve *Slab 1* Targets & get additional 0.02% Commission, To achieve *Slab 2* Targets & get Additional 0.03% Commission. (December 2023 Offer)",,265,265,177,106,70
DMT,23-12-2023 12:04,dmt_1_2,Merchant Base,"*Extra Commission On Dmt Business!* To achieve *Slab 1* Targets & get additional 0.02% Commission, To achieve *Slab 2* Targets & get Additional 0.03% Commission. (December 2023 Offer)",,87,87,62,38,22
DMT,23-12-2023 12:07,dmt_3,Merchant Base,"*Extra Commission On Dmt Business!* To achieve *Slab 1* Targets & get additional 0.03% Commission, To achieve *Slab 2* Targets & *get Additional 0.04% Commission. (December 2023 Offer)",,88,88,63,45,23
Balance Buildup Debit Card,23-12-2023 12:41,balance_buildup_debit_card,Balance Buildup Base,**тВ╣2 рд▓рд╛рдЦ* рддрдХ рдХрд╛ рдмреАрдорд╛ рдХрд╡рд░ рдФрд░ *тВ╣25* рдХрд╛ рдЕрддрд┐рд░рд┐рдХреНрдд рдХреИрд╢рдмреИрдХ рдкрд╛рдиреЗ рдХреЗ рд▓рд┐рдП рдЕрдкрдиреЗ рдХрд╛рд░реНрдб рдХреЛ рд╕рдХреНрд░рд┐рдп рд░рдЦреЗрдВред рд╕рд╛рде рд╣реА рдкрд╛рдЗрдпреЗ рдПрдХ рдорд╣реАрдиреЗ рдХреЗ рд▓рд┐рдП тВ╣199 рдореВрд▓реНрдп рдХрд╛ рдмреНрд░реЗрди рдЬрд┐рдо рдЬреБрдирд┐рдпрд░ рд╕рдмреНрд╕рдХреНрд░рд┐рдкреНрд╢рдиред - рдлрд┐рдиреЛ рдкреЗрдореЗрдВрдЯреНрд╕ рдмреИрдВрдХ,,42462,42462,24073,14110,13594
Rekyc through Vkyc,23-12-2023 12:44,rekyc_braingym_eng,Rekyc Pending Base,"""Dear Customer,
Re-activate your Account with Fino at your convenience.
-> Log in to your account using тАЬFinoPayтАЭ Application
-> Click on тАЬYour profileтАЭ (Top left corner)
-> Click on тАЬRe-KYC through V-KYCтАЭ to complete your KYC at home
And enjoy 1 month FREE тАЬBrainGymJr subscriptionтАЭ worth тАЬRs.199тАЭ""",,82936,82936,26353,14767,49801
Christmas Bonanza,23-12-2023 15:48,christmas_bonanza,Merchant Base,"*This December*,

Earn big with Christmas Bonanza by promoting FinoPay.ЁЯТ╡
Encourage your customers to maintain their Monthly Average Balance and get commission upto *0.45%*.тЬи
Refer Merchant Brochure for MAB Scheme.

*T&C Apply

- Fino Payments Bank",,56651,56651,42672,27635,10574
Bhavishya*Braingym,23-12-2023 16:07,bhavishya_renewal,Renewal Base,"рдкрд╛рдПрдВ рддреЗреЫ рджрд┐рдорд╛рдЧ рдХреЗ рд╕рд╛рде рд╕реБрд░рдХреНрд╖рд┐рдд рднрд╡рд┐рд╖реНрдп!
рдлрд┐рдиреЛ рдХреА рддрд░рдл рд╕реЗ рдЕрдкрдиреЗ BrainGym Jr рдХреА рдлреНрд░реА рд╕рдмреНрд╕рдХреНрд░рд┐рдкреНрд╢рди рдХреЛ рдкрд╛рдиреЗ рдХреЗ рд▓рд┐рдП рдЗрд╕ рдореИрд╕реЗрдЬ рдкрд░ рдХреНрд▓рд┐рдХ рдХрд░реЗрдВ рдФрд░ *FINO30* рдХреЛрдб рдХрд╛ рдЙрдкрдпреЛрдЧ рдХрд░реЗрдВ ред",,23601,23601,13626,8994,7501
Bhavishya*Braingym,23-12-2023 16:09,bhavishya_new_onboarding,Newly Onboarded Base,"рдкрд╛рдПрдВ рддреЗреЫ рджрд┐рдорд╛рдЧ рдХреЗ рд╕рд╛рде рд╕реБрд░рдХреНрд╖рд┐рдд рднрд╡рд┐рд╖реНрдп!
рдлрд┐рдиреЛ рдХреА рддрд░рдл рд╕реЗ рдЕрдкрдиреЗ BrainGym Jr рдХреА рдлреНрд░реА рд╕рдмреНрд╕рдХреНрд░рд┐рдкреНрд╢рди рдХреЛ рдкрд╛рдиреЗ рдХреЗ рд▓рд┐рдП рдЗрд╕ рдореИрд╕реЗрдЬ рдкрд░ рдХреНрд▓рд┐рдХ рдХрд░реЗрдВ рдФрд░ *FINO90* рдХреЛрдб рдХрд╛ рдЙрдкрдпреЛрдЧ рдХрд░реЗрдВ ред",,46148,46148,29114,20061,11428
VKYC,27-12-2023 17:10,vkyc_eng,Vkyc Pending Base,"*Now get a BookMyShow voucher worth тВ╣ 250!* 
Click https://digisa.finobank.com/  to complete your *Video KYC* and book your everyday entertainment. 
*T&C
*Offer valid till 31st December 2023 
- Fino Payments Bank",,37352,37352,26755,20010,4954
FinoPay OTT,27-12-2023 17:12,finopay_ott_funding,Fund Pending Base,"*Now Fund your FinoPay Savings Account to watch your favourite web series.ЁЯФетЬи*

1. Get 18 OTTplay channels subscription worth тВ╣ 1532/- for a month in just *тВ╣ 1/-*. 
2. Cash-back of тВ╣ 50/- on your 1st Bill Payment and UPI transaction using FinoPay. 
*For detailed T&C, visit our website.

- Fino Payments Bank",,142266,142266,113232,83920,13042
DMT,28-12-2023 12:05,dmt_1,Merchant Base,"*Extra Commission On Dmt Business!* To achieve *Slab 1* Targets & get additional 0.02% Commission, To achieve *Slab 2* Targets & get Additional 0.03% Commission. (December 2023 Offer)",,265,265,181,125,70
DMT,28-12-2023 12:06,dmt_2,Merchant Base,"*Extra Commission On Dmt Business!* To achieve *Slab 1* Targets & get additional 0.02% Commission, To achieve *Slab 2* Targets & get Additional 0.03% Commission. (December 2023 Offer)",,87,87,62,40,23
DMT,28-12-2023 12:07,dmt_3,Merchant Base,"*Extra Commission On Dmt Business!* To achieve *Slab 1* Targets & get additional 0.03% Commission, To achieve *Slab 2* Targets & *get Additional 0.04% Commission. (December 2023 Offer)",,88,88,64,45,22
Fancode OTT,01-03-2024 11:31,"
fancode_ott_eng",CASA Dump,"Download FinoPay Now!

Make a transaction of Rs.100 or more, and unlock exclusive FANCODE OTT subscription worth Rs.250.

Here's the detailed *T&C: https://shorturl.at/kxVYZ  
Offer valid till 31st January 2024.",,118095,118095,63228,37101,37190
Bhavishya*Braingym,2024-01-03 11:27:56,bhavishya_newly_onboarded,Newly Onboarded ,"рдкрд╛рдПрдВ рддреЗреЫ рджрд┐рдорд╛рдЧ рдХреЗ рд╕рд╛рде рд╕реБрд░рдХреНрд╖рд┐рдд рднрд╡рд┐рд╖реНрдп!
рдлрд┐рдиреЛ рдХреА рддрд░рдл рд╕реЗ рдЕрдкрдиреЗ BrainGym Jr рдХреА рдлреНрд░реА рд╕рдмреНрд╕рдХреНрд░рд┐рдкреНрд╢рди рдХреЛ рдкрд╛рдиреЗ рдХреЗ рд▓рд┐рдП рдЗрд╕ рдореИрд╕реЗрдЬ рдкрд░ рдХреНрд▓рд┐рдХ рдХрд░реЗрдВ рдФрд░ *FINO90* рдХреЛрдб рдХрд╛ рдЙрдкрдпреЛрдЧ рдХрд░реЗрдВ ред",,46152,46152,26275,11699,11556
Bhavishya*Braingym,2024-01-03 11:31:47,bhavishya_renewals,Renewal Pending,"рдкрд╛рдПрдВ рддреЗреЫ рджрд┐рдорд╛рдЧ рдХреЗ рд╕рд╛рде рд╕реБрд░рдХреНрд╖рд┐рдд рднрд╡рд┐рд╖реНрдп!
рдлрд┐рдиреЛ рдХреА рддрд░рдл рд╕реЗ рдЕрдкрдиреЗ BrainGym Jr рдХреА рдлреНрд░реА рд╕рдмреНрд╕рдХреНрд░рд┐рдкреНрд╢рди рдХреЛ рдкрд╛рдиреЗ рдХреЗ рд▓рд┐рдП рдЗрд╕ рдореИрд╕реЗрдЬ рдкрд░ рдХреНрд▓рд┐рдХ рдХрд░реЗрдВ рдФрд░ *FINO30* рдХреЛрдб рдХрд╛ рдЙрдкрдпреЛрдЧ рдХрд░реЗрдВ ред",,23602,23602,12488,5373,7587
DMT,03-01-2024 16:21,dmt_1,Merchant Base,"*Extra Commission On Dmt Business!* To achieve *Slab 1* Targets & get additional 0.02% Commission, To achieve *Slab 2* Targets & get Additional 0.03% Commission. (January 2023 Offer)",,274,274,185,117,75
DMT,03-01-2024 16:22,dmt_2,Merchant Base,"*Extra Commission On Dmt Business!* To achieve *Slab 1* Targets & get additional 0.02% Commission, To achieve *Slab 2* Targets & get Additional 0.03% Commission. (January 2023 Offer)",,76,76,49,33,24
DMT,03-01-2024 16:23,dmt_3,Merchant Base,"*Extra Commission On Dmt Business!* To achieve *Slab 1* Targets & get additional 0.03% Commission, To achieve *Slab 2* Targets & *get Additional 0.04% Commission. (January 2023 Offer)",,79,79,61,41,17
Fancode OTT,04-01-2024 11:09,fancode_ott_hindi_followup,CASA Dump,"*FinoPay рдбрд╛рдЙрдирд▓реЛрдб рдХрд░реЗрдВ!*

100 рд░реБрдкрдпреЗ рдпрд╛ рдЕрдзрд┐рдХ рдХрд╛ рдЯреНрд░рд╛рдВрдЬреИрдХреНрд╢рди рдХрд░реЗрдВ, рдФрд░ 250 рд░реБрдкрдпреЗ рдХреА рд╡рд┐рд╢реЗрд╖ Fancode OTT рд╕рджрд╕реНрдпрддрд╛ рдЕрдирд▓реЙрдХ рдХрд░реЗрдВред 

рдпрд╣рд╛рдВ https://shorturl.at/kxVYZ рдкрд╛рдПрдВ рд╡рд┐рд╕реНрддреГрдд *рдирд┐рдпрдо рдФрд░ рд╢рд░реНрддреЗрдВред
рдСрдлрд░  31 рдЬрдирд╡рд░реА 2024 рддрдХ рд▓рд╛рдЧреВред",,118091,118091,70098,45845,37189
DMT,04-01-2024 11:11,dmt_1_followup,Merchant Base,"*рдбреАрдПрдордЯреА рд╡реНрдпрд╡рд╕рд╛рдп рдкрд░ рдЕрддрд┐рд░рд┐рдХреНрдд рдХрдореАрд╢рди!*

рдбреАрдПрдордЯреА рдХреЗ рд▓рд┐рдП рд╕реНрд▓реИрдм 1 рд▓рдХреНрд╖реНрдп рдкреНрд░рд╛рдкреНрдд рдХрд░реЗрдВ рдФрд░ рдЕрддрд┐рд░рд┐рдХреНрдд 0.02% рдХрдореАрд╢рди рдкреНрд░рд╛рдкреНрдд рдХрд░реЗрдВред, рдбреАрдПрдордЯреА рдХреЗ рд▓рд┐рдП рд╕реНрд▓реИрдм 2 рд▓рдХреНрд╖реНрдп рдкреНрд░рд╛рдкреНрдд рдХрд░реЗрдВ рдФрд░ рдЕрддрд┐рд░рд┐рдХреНрдд 0.03% рдХрдореАрд╢рди рдкреНрд░рд╛рдкреНрдд рдХрд░реЗрдВред (рдЬрдирд╡рд░реА 2024 рдСрдлрд░)",,274,274,185,98,75
DMT,04-01-2024 11:12,dmt_2_followup,Merchant Base,"*рдбреАрдПрдордЯреА рд╡реНрдпрд╡рд╕рд╛рдп рдкрд░ рдЕрддрд┐рд░рд┐рдХреНрдд рдХрдореАрд╢рди!*

рдбреАрдПрдордЯреА рдХреЗ рд▓рд┐рдП рд╕реНрд▓реИрдм 1 рд▓рдХреНрд╖реНрдп рдкреНрд░рд╛рдкреНрдд рдХрд░реЗрдВ рдФрд░ рдЕрддрд┐рд░рд┐рдХреНрдд 0.02% рдХрдореАрд╢рди рдкреНрд░рд╛рдкреНрдд рдХрд░реЗрдВред, рдбреАрдПрдордЯреА рдХреЗ рд▓рд┐рдП рд╕реНрд▓реИрдм 2 рд▓рдХреНрд╖реНрдп рдкреНрд░рд╛рдкреНрдд рдХрд░реЗрдВ рдФрд░ рдЕрддрд┐рд░рд┐рдХреНрдд 0.03% рдХрдореАрд╢рди рдкреНрд░рд╛рдкреНрдд рдХрд░реЗрдВред (рдЬрдирд╡рд░реА 2024 рдСрдлрд░)",,76,76,49,28,24
DMT,04-01-2024 11:13,dmt_3_followup,Merchant Base,"*рдбреАрдПрдордЯреА рд╡реНрдпрд╡рд╕рд╛рдп рдкрд░ рдЕрддрд┐рд░рд┐рдХреНрдд рдХрдореАрд╢рди!*

рдбреАрдПрдордЯреА рдХреЗ рд▓рд┐рдП рд╕реНрд▓реИрдм 1 рд▓рдХреНрд╖реНрдп рдкреНрд░рд╛рдкреНрдд рдХрд░реЗрдВ рдФрд░ рдЕрддрд┐рд░рд┐рдХреНрдд 0.03% рдХрдореАрд╢рди рдкреНрд░рд╛рдкреНрдд рдХрд░реЗрдВред, рдбреАрдПрдордЯреА рдХреЗ рд▓рд┐рдП рд╕реНрд▓реИрдм 2 рд▓рдХреНрд╖реНрдп рдкреНрд░рд╛рдкреНрдд рдХрд░реЗрдВ рдФрд░ рдЕрддрд┐рд░рд┐рдХреНрдд 0.04% рдХрдореАрд╢рди рдкреНрд░рд╛рдкреНрдд рдХрд░реЗрдВред (рдЬрдирд╡рд░реА 2024 рдСрдлрд░)",,79,79,61,33,17
DMT,05-01-2024 11:30,dmt_1,Merchant Base,"*Extra Commission On Dmt Business!* To achieve *Slab 1* Targets & get additional 0.02% Commission, To achieve *Slab 2* Targets & get Additional 0.03% Commission. (January 2023 Offer)",,274,274,143,23,64
DMT,05-01-2024 11:32,dmt_2,Merchant Base,"*Extra Commission On Dmt Business!* To achieve *Slab 1* Targets & get additional 0.02% Commission, To achieve *Slab 2* Targets & get Additional 0.03% Commission. (January 2023 Offer)",,76,76,38,8,11
DMT,05-01-2024 11:33,dmt_3,Merchant Base,"*Extra Commission On Dmt Business!* To achieve *Slab 1* Targets & get additional 0.03% Commission, To achieve *Slab 2* Targets & *get Additional 0.04% Commission. (January 2023 Offer)",,79,79,47,5,5
DMT,06-01-2024 10:07,dmt_1_followup,Merchant Base,"*рдбреАрдПрдордЯреА рд╡реНрдпрд╡рд╕рд╛рдп рдкрд░ рдЕрддрд┐рд░рд┐рдХреНрдд рдХрдореАрд╢рди!*

рдбреАрдПрдордЯреА рдХреЗ рд▓рд┐рдП рд╕реНрд▓реИрдм 1 рд▓рдХреНрд╖реНрдп рдкреНрд░рд╛рдкреНрдд рдХрд░реЗрдВ рдФрд░ рдЕрддрд┐рд░рд┐рдХреНрдд 0.02% рдХрдореАрд╢рди рдкреНрд░рд╛рдкреНрдд рдХрд░реЗрдВред, рдбреАрдПрдордЯреА рдХреЗ рд▓рд┐рдП рд╕реНрд▓реИрдм 2 рд▓рдХреНрд╖реНрдп рдкреНрд░рд╛рдкреНрдд рдХрд░реЗрдВ рдФрд░ рдЕрддрд┐рд░рд┐рдХреНрдд 0.03% рдХрдореАрд╢рди рдкреНрд░рд╛рдкреНрдд рдХрд░реЗрдВред (рдЬрдирд╡рд░реА 2024 рдСрдлрд░)",,275,275,191,162,74
DMT,06-01-2024 10:24,dmt_2_followup,Merchant Base,"*рдбреАрдПрдордЯреА рд╡реНрдпрд╡рд╕рд╛рдп рдкрд░ рдЕрддрд┐рд░рд┐рдХреНрдд рдХрдореАрд╢рди!*

рдбреАрдПрдордЯреА рдХреЗ рд▓рд┐рдП рд╕реНрд▓реИрдм 1 рд▓рдХреНрд╖реНрдп рдкреНрд░рд╛рдкреНрдд рдХрд░реЗрдВ рдФрд░ рдЕрддрд┐рд░рд┐рдХреНрдд 0.02% рдХрдореАрд╢рди рдкреНрд░рд╛рдкреНрдд рдХрд░реЗрдВред, рдбреАрдПрдордЯреА рдХреЗ рд▓рд┐рдП рд╕реНрд▓реИрдм 2 рд▓рдХреНрд╖реНрдп рдкреНрд░рд╛рдкреНрдд рдХрд░реЗрдВ рдФрд░ рдЕрддрд┐рд░рд┐рдХреНрдд 0.03% рдХрдореАрд╢рди рдкреНрд░рд╛рдкреНрдд рдХрд░реЗрдВред (рдЬрдирд╡рд░реА 2024 рдСрдлрд░)",,77,77,51,48,25
DMT,06-01-2024 10:26,dmt_3_followup,Merchant Base,"*рдбреАрдПрдордЯреА рд╡реНрдпрд╡рд╕рд╛рдп рдкрд░ рдЕрддрд┐рд░рд┐рдХреНрдд рдХрдореАрд╢рди!*

рдбреАрдПрдордЯреА рдХреЗ рд▓рд┐рдП рд╕реНрд▓реИрдм 1 рд▓рдХреНрд╖реНрдп рдкреНрд░рд╛рдкреНрдд рдХрд░реЗрдВ рдФрд░ рдЕрддрд┐рд░рд┐рдХреНрдд 0.03% рдХрдореАрд╢рди рдкреНрд░рд╛рдкреНрдд рдХрд░реЗрдВред, рдбреАрдПрдордЯреА рдХреЗ рд▓рд┐рдП рд╕реНрд▓реИрдм 2 рд▓рдХреНрд╖реНрдп рдкреНрд░рд╛рдкреНрдд рдХрд░реЗрдВ рдФрд░ рдЕрддрд┐рд░рд┐рдХреНрдд 0.04% рдХрдореАрд╢рди рдкреНрд░рд╛рдкреНрдд рдХрд░реЗрдВред (рдЬрдирд╡рд░реА 2024 рдСрдлрд░)",,80,80,62,54,17
FinoPay OTT,06-01-2024 10:51,finopay_ott_play_codes,FinoPay Inactive Customers,"Hi {{1}},

Congratulations on opening an account with Fino. Claim your OTTPlay voucher through this code ( {{2}} ).
Kindly click on *https://bit.ly/3uRcan7* to redeem.
Valid till 6th FebтАЩ24.

-Fino Payments Bank",,3984,3984,2715,2372,577
DMT,08-01-2024 12:25,dmt_1,Merchant Base,"*Extra Commission On Dmt Business!* To achieve *Slab 1* Targets & get additional 0.02% Commission, To achieve *Slab 2* Targets & get Additional 0.03% Commission. (January 2023 Offer)",,275,275,190,159,74
DMT,08-01-2024 12:27,dmt_2,Merchant Base,"*Extra Commission On Dmt Business!* To achieve *Slab 1* Targets & get additional 0.02% Commission, To achieve *Slab 2* Targets & get Additional 0.03% Commission. (January 2023 Offer)",,77,77,50,47,25
DMT,08-01-2024 12:30,dmt_3,Merchant Base,"*Extra Commission On Dmt Business!* To achieve *Slab 1* Targets & get additional 0.03% Commission, To achieve *Slab 2* Targets & *get Additional 0.04% Commission. (January 2023 Offer)",,80,80,62,54,17
DMT,09-01-2024 11:13,dmt_1_followup,Merchant Base,"*рдбреАрдПрдордЯреА рд╡реНрдпрд╡рд╕рд╛рдп рдкрд░ рдЕрддрд┐рд░рд┐рдХреНрдд рдХрдореАрд╢рди!*

рдбреАрдПрдордЯреА рдХреЗ рд▓рд┐рдП рд╕реНрд▓реИрдм 1 рд▓рдХреНрд╖реНрдп рдкреНрд░рд╛рдкреНрдд рдХрд░реЗрдВ рдФрд░ рдЕрддрд┐рд░рд┐рдХреНрдд 0.02% рдХрдореАрд╢рди рдкреНрд░рд╛рдкреНрдд рдХрд░реЗрдВред, рдбреАрдПрдордЯреА рдХреЗ рд▓рд┐рдП рд╕реНрд▓реИрдм 2 рд▓рдХреНрд╖реНрдп рдкреНрд░рд╛рдкреНрдд рдХрд░реЗрдВ рдФрд░ рдЕрддрд┐рд░рд┐рдХреНрдд 0.03% рдХрдореАрд╢рди рдкреНрд░рд╛рдкреНрдд рдХрд░реЗрдВред (рдЬрдирд╡рд░реА 2024 рдСрдлрд░)",,275,275,192,159,74
DMT,09-01-2024 11:15,dmt_2_followup,Merchant Base,"*рдбреАрдПрдордЯреА рд╡реНрдпрд╡рд╕рд╛рдп рдкрд░ рдЕрддрд┐рд░рд┐рдХреНрдд рдХрдореАрд╢рди!*

рдбреАрдПрдордЯреА рдХреЗ рд▓рд┐рдП рд╕реНрд▓реИрдм 1 рд▓рдХреНрд╖реНрдп рдкреНрд░рд╛рдкреНрдд рдХрд░реЗрдВ рдФрд░ рдЕрддрд┐рд░рд┐рдХреНрдд 0.02% рдХрдореАрд╢рди рдкреНрд░рд╛рдкреНрдд рдХрд░реЗрдВред, рдбреАрдПрдордЯреА рдХреЗ рд▓рд┐рдП рд╕реНрд▓реИрдм 2 рд▓рдХреНрд╖реНрдп рдкреНрд░рд╛рдкреНрдд рдХрд░реЗрдВ рдФрд░ рдЕрддрд┐рд░рд┐рдХреНрдд 0.03% рдХрдореАрд╢рди рдкреНрд░рд╛рдкреНрдд рдХрд░реЗрдВред (рдЬрдирд╡рд░реА 2024 рдСрдлрд░)",,77,77,51,47,25
DMT,09-01-2024 11:17,dmt_3_followup,Merchant Base,"*рдбреАрдПрдордЯреА рд╡реНрдпрд╡рд╕рд╛рдп рдкрд░ рдЕрддрд┐рд░рд┐рдХреНрдд рдХрдореАрд╢рди!*

рдбреАрдПрдордЯреА рдХреЗ рд▓рд┐рдП рд╕реНрд▓реИрдм 1 рд▓рдХреНрд╖реНрдп рдкреНрд░рд╛рдкреНрдд рдХрд░реЗрдВ рдФрд░ рдЕрддрд┐рд░рд┐рдХреНрдд 0.03% рдХрдореАрд╢рди рдкреНрд░рд╛рдкреНрдд рдХрд░реЗрдВред, рдбреАрдПрдордЯреА рдХреЗ рд▓рд┐рдП рд╕реНрд▓реИрдм 2 рд▓рдХреНрд╖реНрдп рдкреНрд░рд╛рдкреНрдд рдХрд░реЗрдВ рдФрд░ рдЕрддрд┐рд░рд┐рдХреНрдд 0.04% рдХрдореАрд╢рди рдкреНрд░рд╛рдкреНрдд рдХрд░реЗрдВред (рдЬрдирд╡рд░реА 2024 рдСрдлрд░)",,80,80,62,52,17
DMT,11-01-2024 11:01,dmt_1,Merchant Base,"*Extra Commission On Dmt Business!* To achieve *Slab 1* Targets & get additional 0.02% Commission, To achieve *Slab 2* Targets & get Additional 0.03% Commission. (January 2023 Offer)",,275,275,192,157,74
DMT,11-01-2024 11:03,dmt_2,Merchant Base,"*Extra Commission On Dmt Business!* To achieve *Slab 1* Targets & get additional 0.02% Commission, To achieve *Slab 2* Targets & get Additional 0.03% Commission. (January 2023 Offer)",,77,77,51,45,25
DMT,11-01-2024 11:03,dmt_3,Merchant Base,"*Extra Commission On Dmt Business!* To achieve *Slab 1* Targets & get additional 0.03% Commission, To achieve *Slab 2* Targets & *get Additional 0.04% Commission. (January 2023 Offer)",,80,80,61,51,17
VKYC,11-01-2024 17:37,finopay_min_kyc_eng,VKYC initiated but not completed customer base,"Free movie tickets worth Rs. {{1}}. Just click on the link {{2}} to complete your video KYC by {{3}}.

-Fino",,4447,4447,3361,2434,522
FinoPay Funding,11-01-2024 17:59,finopay_ott_funding_eng,Customers who didnt fund their finopay savings account,"Now Fund your FinoPay Savings Account to watch your favourite web series.

1. Get 18 OTTplay channels subscription worth тВ╣ 1532/- for a month in just *тВ╣ 1/-*. 
2. Complete your Video KYC and get 2 BookMyShow voucher worth Rs.500! 
*For detailed T&C, visit our website.

- Fino Payments Bank",,4447,4447,3324,2366,566
Digital Savings Account Expiration,12-01-2024 11:23,finopay_renewals_eng,Customers nearing expiration of their digital savings account,"*Now get cashback on renewal!!*
 
Your annual subscription for FinoPay Savings account ending with {{1}} is due on {{2}} , kindly maintain sufficient balance and get *Rs.250/-* cashback.

-Fino",NA,1582,1582,1366,1010,94
FinoPay Funding,12-01-2024 11:31,finopay_funding_eng,Customers who didnt fund their finopay savings account,"Now Fund your FinoPay Savings Account to watch your favourite web series.

1. Get 18 OTTplay channels subscription worth тВ╣ 1532/- for a month in just *тВ╣ 1/-*. 
2. Complete your Video KYC and get 2 BookMyShow voucher worth Rs.500! 
*For detailed T&C, visit our website.

- Fino Payments Bank",,17861,17861,13412,8960,1925
VKYC,12-01-2024 11:39,finopay_min_kyc_eng,VKYC initiated but not completed customer base,"Free movie tickets worth Rs. {{1}}. Just click on the link {{2}} to complete your video KYC by {{3}}.

-Fino",,4447,4447,3354,2232,521
DMT,12-01-2024 12:39,dmt_1followup,Merchant Base,"*рдбреАрдПрдордЯреА рд╡реНрдпрд╡рд╕рд╛рдп рдкрд░ рдЕрддрд┐рд░рд┐рдХреНрдд рдХрдореАрд╢рди!*

рдбреАрдПрдордЯреА рдХреЗ рд▓рд┐рдП рд╕реНрд▓реИрдм 1 рд▓рдХреНрд╖реНрдп рдкреНрд░рд╛рдкреНрдд рдХрд░реЗрдВ рдФрд░ рдЕрддрд┐рд░рд┐рдХреНрдд 0.02% рдХрдореАрд╢рди рдкреНрд░рд╛рдкреНрдд рдХрд░реЗрдВред, рдбреАрдПрдордЯреА рдХреЗ рд▓рд┐рдП рд╕реНрд▓реИрдм 2 рд▓рдХреНрд╖реНрдп рдкреНрд░рд╛рдкреНрдд рдХрд░реЗрдВ рдФрд░ рдЕрддрд┐рд░рд┐рдХреНрдд 0.03% рдХрдореАрд╢рди рдкреНрд░рд╛рдкреНрдд рдХрд░реЗрдВред (рдЬрдирд╡рд░реА 2024 рдСрдлрд░)",,275,275,190,153,74
DMT,12-01-2024 12:45,dmt_2followup,Merchant Base,"*рдбреАрдПрдордЯреА рд╡реНрдпрд╡рд╕рд╛рдп рдкрд░ рдЕрддрд┐рд░рд┐рдХреНрдд рдХрдореАрд╢рди!*

рдбреАрдПрдордЯреА рдХреЗ рд▓рд┐рдП рд╕реНрд▓реИрдм 1 рд▓рдХреНрд╖реНрдп рдкреНрд░рд╛рдкреНрдд рдХрд░реЗрдВ рдФрд░ рдЕрддрд┐рд░рд┐рдХреНрдд 0.02% рдХрдореАрд╢рди рдкреНрд░рд╛рдкреНрдд рдХрд░реЗрдВред, рдбреАрдПрдордЯреА рдХреЗ рд▓рд┐рдП рд╕реНрд▓реИрдм 2 рд▓рдХреНрд╖реНрдп рдкреНрд░рд╛рдкреНрдд рдХрд░реЗрдВ рдФрд░ рдЕрддрд┐рд░рд┐рдХреНрдд 0.03% рдХрдореАрд╢рди рдкреНрд░рд╛рдкреНрдд рдХрд░реЗрдВред (рдЬрдирд╡рд░реА 2024 рдСрдлрд░)",,77,77,51,47,25
DMT,12-01-2024 12:48,dmt_3,Merchant Base,"*рдбреАрдПрдордЯреА рд╡реНрдпрд╡рд╕рд╛рдп рдкрд░ рдЕрддрд┐рд░рд┐рдХреНрдд рдХрдореАрд╢рди!*

рдбреАрдПрдордЯреА рдХреЗ рд▓рд┐рдП рд╕реНрд▓реИрдм 1 рд▓рдХреНрд╖реНрдп рдкреНрд░рд╛рдкреНрдд рдХрд░реЗрдВ рдФрд░ рдЕрддрд┐рд░рд┐рдХреНрдд 0.03% рдХрдореАрд╢рди рдкреНрд░рд╛рдкреНрдд рдХрд░реЗрдВред, рдбреАрдПрдордЯреА рдХреЗ рд▓рд┐рдП рд╕реНрд▓реИрдм 2 рд▓рдХреНрд╖реНрдп рдкреНрд░рд╛рдкреНрдд рдХрд░реЗрдВ рдФрд░ рдЕрддрд┐рд░рд┐рдХреНрдд 0.04% рдХрдореАрд╢рди рдкреНрд░рд╛рдкреНрдд рдХрд░реЗрдВред (рдЬрдирд╡рд░реА 2024 рдСрдлрд░)",,80,80,61,49,17
DMT,15-01-2024 11:58,dmt_1english,Merchant Base,"*Extra Commission On Dmt Business!* To achieve *Slab 1* Targets & get additional 0.02% Commission, To achieve *Slab 2* Targets & get Additional 0.03% Commission. (January 2023 Offer)",,275,275,190,152,74
DMT,15-01-2024 12:00,dmt_2english,Merchant Base,"*Extra Commission On Dmt Business!* To achieve *Slab 1* Targets & get additional 0.02% Commission, To achieve *Slab 2* Targets & get Additional 0.03% Commission. (January 2023 Offer)",,77,77,51,46,25
DMT,15-01-2024 12:03,dmt_3english,Merchant Base,"*Extra Commission On Dmt Business!* To achieve *Slab 1* Targets & get additional 0.03% Commission, To achieve *Slab 2* Targets & *get Additional 0.04% Commission. (January 2023 Offer)",,80,80,61,48,17
DMT,16-01-2024 10:47,dmt_1hindi_followup,Merchant Base,"*рдбреАрдПрдордЯреА рд╡реНрдпрд╡рд╕рд╛рдп рдкрд░ рдЕрддрд┐рд░рд┐рдХреНрдд рдХрдореАрд╢рди!*

рдбреАрдПрдордЯреА рдХреЗ рд▓рд┐рдП рд╕реНрд▓реИрдм 1 рд▓рдХреНрд╖реНрдп рдкреНрд░рд╛рдкреНрдд рдХрд░реЗрдВ рдФрд░ рдЕрддрд┐рд░рд┐рдХреНрдд 0.02% рдХрдореАрд╢рди рдкреНрд░рд╛рдкреНрдд рдХрд░реЗрдВред, рдбреАрдПрдордЯреА рдХреЗ рд▓рд┐рдП рд╕реНрд▓реИрдм 2 рд▓рдХреНрд╖реНрдп рдкреНрд░рд╛рдкреНрдд рдХрд░реЗрдВ рдФрд░ рдЕрддрд┐рд░рд┐рдХреНрдд 0.03% рдХрдореАрд╢рди рдкреНрд░рд╛рдкреНрдд рдХрд░реЗрдВред (рдЬрдирд╡рд░реА 2024 рдСрдлрд░)",,275,275,190,148,74
DMT,16-01-2024 10:49,dmt_2hindi_followup,Merchant Base,"*рдбреАрдПрдордЯреА рд╡реНрдпрд╡рд╕рд╛рдп рдкрд░ рдЕрддрд┐рд░рд┐рдХреНрдд рдХрдореАрд╢рди!*

рдбреАрдПрдордЯреА рдХреЗ рд▓рд┐рдП рд╕реНрд▓реИрдм 1 рд▓рдХреНрд╖реНрдп рдкреНрд░рд╛рдкреНрдд рдХрд░реЗрдВ рдФрд░ рдЕрддрд┐рд░рд┐рдХреНрдд 0.02% рдХрдореАрд╢рди рдкреНрд░рд╛рдкреНрдд рдХрд░реЗрдВред, рдбреАрдПрдордЯреА рдХреЗ рд▓рд┐рдП рд╕реНрд▓реИрдм 2 рд▓рдХреНрд╖реНрдп рдкреНрд░рд╛рдкреНрдд рдХрд░реЗрдВ рдФрд░ рдЕрддрд┐рд░рд┐рдХреНрдд 0.03% рдХрдореАрд╢рди рдкреНрд░рд╛рдкреНрдд рдХрд░реЗрдВред (рдЬрдирд╡рд░реА 2024 рдСрдлрд░)",,77,77,51,46,25
DMT,16-01-2024 10:56,dmt_3hindi_followup,Merchant Base,"*рдбреАрдПрдордЯреА рд╡реНрдпрд╡рд╕рд╛рдп рдкрд░ рдЕрддрд┐рд░рд┐рдХреНрдд рдХрдореАрд╢рди!*

рдбреАрдПрдордЯреА рдХреЗ рд▓рд┐рдП рд╕реНрд▓реИрдм 1 рд▓рдХреНрд╖реНрдп рдкреНрд░рд╛рдкреНрдд рдХрд░реЗрдВ рдФрд░ рдЕрддрд┐рд░рд┐рдХреНрдд 0.03% рдХрдореАрд╢рди рдкреНрд░рд╛рдкреНрдд рдХрд░реЗрдВред, рдбреАрдПрдордЯреА рдХреЗ рд▓рд┐рдП рд╕реНрд▓реИрдм 2 рд▓рдХреНрд╖реНрдп рдкреНрд░рд╛рдкреНрдд рдХрд░реЗрдВ рдФрд░ рдЕрддрд┐рд░рд┐рдХреНрдд 0.04% рдХрдореАрд╢рди рдкреНрд░рд╛рдкреНрдд рдХрд░реЗрдВред (рдЬрдирд╡рд░реА 2024 рдСрдлрд░)",,80,80,61,48,17
FinoPay Funding,16-01-2024 17:27,finopay_funding_eng,Customers who didnt fund their finopay savings account,"Now Fund your FinoPay Savings Account to watch your favourite web series.

1. Get 18 OTTplay channels subscription worth тВ╣ 1532/- for a month in just *тВ╣ 1/-*. 
2. Complete your Video KYC and get 2 BookMyShow voucher worth Rs.500! 
*For detailed T&C, visit our website.

- Fino Payments Bank",,128114,128114,105822,78345,11203
FinoPay Funding,17-01-2024 15:57,ottplay_funding_hindi,Customers who didnt fund their finopay savings account,"*рдЕрдм рдЕрдкрдиреА рдкрд╕рдВрджреАрджрд╛ рд╡реЗрдм рд╕реАрд░реАреЫ рджреЗрдЦрдиреЗ рдХреЗ рд▓рд┐рдП рдЕрдкрдиреЗ рдлрд┐рдиреЛрдкреЗ рдмрдЪрдд рдЦрд╛рддреЗ рдХреЛ рдлрдВрдб рдХрд░реЗрдВред*

1. рдорд╛рддреНрд░ *тВ╣ 1/-* рдореЗрдВ рдПрдХ рдорд╣реАрдиреЗ рдХреЗ рд▓рд┐рдП тВ╣ 1532/- рдореВрд▓реНрдп рдХреЗ 18 OTT рдЪреИрдирд▓реЛрдВ рдХреА рд╕рджрд╕реНрдпрддрд╛ рдкреНрд░рд╛рдкреНрдд рдХрд░реЗрдВред
2. рдЕрдкрдирд╛ рд╡реАрдбрд┐рдпреЛ KYC рдкреВрд░рд╛ рдХрд░реЗрдВ рдФрд░ 500 рд░реБрдкрдпреЗ рдХреЗ 2 BookMyShow рд╡рд╛рдЙрдЪрд░ рдкреНрд░рд╛рдкреНрдд рдХрд░реЗрдВ!
*рд╡рд┐рд╕реНрддреГрдд рдирд┐рдпрдо рдПрд╡рдВ рд╢рд░реНрддреЛрдВ рдХреЗ рд▓рд┐рдП, рд╣рдорд╛рд░реА рд╡реЗрдмрд╕рд╛рдЗрдЯ рдкрд░ рдЬрд╛рдПрдБред

- рдлрд┐рдиреЛ рдкреЗрдореЗрдВрдЯреНрд╕ рдмреИрдВрдХ",,128121,128121,105273,70487,11117
DMT,17-01-2024 18:39,dmt_1english,Merchant Base,"*Extra Commission On Dmt Business!* To achieve *Slab 1* Targets & get additional 0.02% Commission, To achieve *Slab 2* Targets & get Additional 0.03% Commission. (January 2023 Offer)",,275,275,189,145,74
DMT,17-01-2024 18:40,dmt_2english,Merchant Base,"*Extra Commission On Dmt Business!* To achieve *Slab 1* Targets & get additional 0.02% Commission, To achieve *Slab 2* Targets & get Additional 0.03% Commission. (January 2023 Offer)",,77,77,51,46,25
DMT,17-01-2024 18:44,dmt_3english,Merchant Base,"*Extra Commission On Dmt Business!* To achieve *Slab 1* Targets & get additional 0.03% Commission, To achieve *Slab 2* Targets & *get Additional 0.04% Commission. (January 2023 Offer)",,80,80,61,48,17
FinoPay OTT,18-01-2024 14:03,ott_codes_fancode,FinoPay Inactive Customers,"Hi {{1}},

Congratulations on opening an account with Fino. Claim your OTTPlay voucher through this code ( {{2}} ).
Kindly click on *https://bit.ly/3uRcan7* to redeem.
Valid till 6th FebтАЩ24.

-Fino Payments Bank",,5105,5105,3437,3048,756
DMT,18-01-2024 15:38,dmt_1hindi_followup,Merchant Base,"*рдбреАрдПрдордЯреА рд╡реНрдпрд╡рд╕рд╛рдп рдкрд░ рдЕрддрд┐рд░рд┐рдХреНрдд рдХрдореАрд╢рди!*

рдбреАрдПрдордЯреА рдХреЗ рд▓рд┐рдП рд╕реНрд▓реИрдм 1 рд▓рдХреНрд╖реНрдп рдкреНрд░рд╛рдкреНрдд рдХрд░реЗрдВ рдФрд░ рдЕрддрд┐рд░рд┐рдХреНрдд 0.02% рдХрдореАрд╢рди рдкреНрд░рд╛рдкреНрдд рдХрд░реЗрдВред, рдбреАрдПрдордЯреА рдХреЗ рд▓рд┐рдП рд╕реНрд▓реИрдм 2 рд▓рдХреНрд╖реНрдп рдкреНрд░рд╛рдкреНрдд рдХрд░реЗрдВ рдФрд░ рдЕрддрд┐рд░рд┐рдХреНрдд 0.03% рдХрдореАрд╢рди рдкреНрд░рд╛рдкреНрдд рдХрд░реЗрдВред (рдЬрдирд╡рд░реА 2024 рдСрдлрд░)",,275,275,0,0,275
DMT,18-01-2024 15:43,dmt_2hindi_followup,Merchant Base,"*рдбреАрдПрдордЯреА рд╡реНрдпрд╡рд╕рд╛рдп рдкрд░ рдЕрддрд┐рд░рд┐рдХреНрдд рдХрдореАрд╢рди!*

рдбреАрдПрдордЯреА рдХреЗ рд▓рд┐рдП рд╕реНрд▓реИрдм 1 рд▓рдХреНрд╖реНрдп рдкреНрд░рд╛рдкреНрдд рдХрд░реЗрдВ рдФрд░ рдЕрддрд┐рд░рд┐рдХреНрдд 0.02% рдХрдореАрд╢рди рдкреНрд░рд╛рдкреНрдд рдХрд░реЗрдВред, рдбреАрдПрдордЯреА рдХреЗ рд▓рд┐рдП рд╕реНрд▓реИрдм 2 рд▓рдХреНрд╖реНрдп рдкреНрд░рд╛рдкреНрдд рдХрд░реЗрдВ рдФрд░ рдЕрддрд┐рд░рд┐рдХреНрдд 0.03% рдХрдореАрд╢рди рдкреНрд░рд╛рдкреНрдд рдХрд░реЗрдВред (рдЬрдирд╡рд░реА 2024 рдСрдлрд░)",,77,77,51,46,25
DMT,18-01-2024 15:46,dmt_3hindi_followup,Merchant Base,"*рдбреАрдПрдордЯреА рд╡реНрдпрд╡рд╕рд╛рдп рдкрд░ рдЕрддрд┐рд░рд┐рдХреНрдд рдХрдореАрд╢рди!*

рдбреАрдПрдордЯреА рдХреЗ рд▓рд┐рдП рд╕реНрд▓реИрдм 1 рд▓рдХреНрд╖реНрдп рдкреНрд░рд╛рдкреНрдд рдХрд░реЗрдВ рдФрд░ рдЕрддрд┐рд░рд┐рдХреНрдд 0.03% рдХрдореАрд╢рди рдкреНрд░рд╛рдкреНрдд рдХрд░реЗрдВред, рдбреАрдПрдордЯреА рдХреЗ рд▓рд┐рдП рд╕реНрд▓реИрдм 2 рд▓рдХреНрд╖реНрдп рдкреНрд░рд╛рдкреНрдд рдХрд░реЗрдВ рдФрд░ рдЕрддрд┐рд░рд┐рдХреНрдд 0.04% рдХрдореАрд╢рди рдкреНрд░рд╛рдкреНрдд рдХрд░реЗрдВред (рдЬрдирд╡рд░реА 2024 рдСрдлрд░)",,80,80,61,48,17
Annuity Payout,19-01-2024 13:27,annuity_payoutt_hindi,Merchant Base,"*рдЦрд╛рддрд╛ рдЦреЛрд▓рдиреЗ рдХреЗ рд╕рд╛рде рдФрд░ рдмрд╛рдж, рд╕рджреИрд╡ рд╕рд╛рдеред*

тАв рдХрд╕реНрдЯрдорд░ рдХреЗ рдЕрдХрд╛рдЙрдВрдЯ рдореЗрдВ рдЕрдзрд┐рдХрддрдо рдмреИрд▓реЗрдВрд╕ рд░рдЦрдиреЗ рдкрд░ 
тАв рдХрд╕реНрдЯрдорд░ рдХреЗ рдЦрд╛рддреЗ рд░рд┐рдиреНрдпреВрдЕрд▓ рдкрд░
тАв рдХрд╕реНрдЯрдорд░ рдХреЗ FinoPay рдРрдк рдХреЗ рдЗрд╕реНрддреЗрдорд╛рд▓ рдкрд░ред

рдПрдиреНрдпреБрдЯреА рдкреЗрдЖрдЙрдЯ рдХреЗ рд╕рдореНрдмрдВрдзрд┐рдд рдЬрд╛рдирдХрд╛рд░реА рдХреЗ рд▓рд┐рдП рдиреАрдЪреЗ рджрд┐рдП рдЧрдП рдмрдЯрди рдкрд░ рдХреНрд▓рд┐рдХ рдХрд░реЗрдВред",,56036,56036,43292,32233,9950
Annuity Payout,20-01-2024 10:07,annuity_payout_english,Merchant Base,"*Khaata Kholne ke Saath aur Baad, Sadaiv Saath!*

тАв If a customer keeps a maximum balance in the account.
тАв Customer renewing account.
тАв If a customer uses the FinoPay app.

Please click on the below button to know more about annuity payout.",,56037,56037,42794,28738,10390
DMT,23-01-2024 12:41,dmt_1hindi_english,Merchant Base,"*Extra Commission On Dmt Business!* To achieve *Slab 1* Targets & get additional 0.02% Commission, To achieve *Slab 2* Targets & get Additional 0.03% Commission. (January 2023 Offer)",,275,275,188,128,74
DMT,23-01-2024 12:46,dmt_2_english,Merchant Base,"*Extra Commission On Dmt Business!* To achieve *Slab 1* Targets & get additional 0.02% Commission, To achieve *Slab 2* Targets & get Additional 0.03% Commission. (January 2023 Offer)",,77,77,51,38,25
DMT,23-01-2024 12:47,dmt_3_english,Merchant Base,"*Extra Commission On Dmt Business!* To achieve *Slab 1* Targets & get additional 0.03% Commission, To achieve *Slab 2* Targets & *get Additional 0.04% Commission. (January 2023 Offer)",,80,80,61,44,17
Bhavishya*Braingym,23-01-2024 16:32,bhavishya_renewals,Bhavishya A/C Renewal Base,"рдкрд╛рдПрдВ рддреЗреЫ рджрд┐рдорд╛рдЧ рдХреЗ рд╕рд╛рде рд╕реБрд░рдХреНрд╖рд┐рдд рднрд╡рд┐рд╖реНрдп!
рдлрд┐рдиреЛ рдХреА рддрд░рдл рд╕реЗ рдЕрдкрдиреЗ BrainGym Jr рдХреА рдлреНрд░реА рд╕рдмреНрд╕рдХреНрд░рд┐рдкреНрд╢рди рдХреЛ рдкрд╛рдиреЗ рдХреЗ рд▓рд┐рдП рдЗрд╕ рдореИрд╕реЗрдЬ рдкрд░ рдХреНрд▓рд┐рдХ рдХрд░реЗрдВ рдФрд░ *FINO30* рдХреЛрдб рдХрд╛ рдЙрдкрдпреЛрдЧ рдХрд░реЗрдВ ред",,10119,10119,6093,3940,3004
Bhavishya*Braingym,23-01-2024 16:35,bhavishya_newly_onboarded,Bhavishya A/C Renewal Base,"рдкрд╛рдПрдВ рддреЗреЫ рджрд┐рдорд╛рдЧ рдХреЗ рд╕рд╛рде рд╕реБрд░рдХреНрд╖рд┐рдд рднрд╡рд┐рд╖реНрдп!
рдлрд┐рдиреЛ рдХреА рддрд░рдл рд╕реЗ рдЕрдкрдиреЗ BrainGym Jr рдХреА рдлреНрд░реА рд╕рдмреНрд╕рдХреНрд░рд┐рдкреНрд╢рди рдХреЛ рдкрд╛рдиреЗ рдХреЗ рд▓рд┐рдП рдЗрд╕ рдореИрд╕реЗрдЬ рдкрд░ рдХреНрд▓рд┐рдХ рдХрд░реЗрдВ рдФрд░ *FINO90* рдХреЛрдб рдХрд╛ рдЙрдкрдпреЛрдЧ рдХрд░реЗрдВ ред",,35994,35994,0,0,35994
Day 1 (FinoPay),23-01-2024 16:41,day_1,CDP Base (Ones who do not have CASA),"рд╕реНрдорд╛рд░реНрдЯ рдмреИрдВрдХрд┐рдВрдЧ рд╡рд░реНрд▓реНрдб рдореЗрдВ рдЖрдкрдХрд╛ рд╕реНрд╡рд╛рдЧрдд рд╣реИ!
рдирд┐рд░реНрдмрд╛рдз рдФрд░ рд╕реБрд╡рд┐рдзрд╛рдЬрдирдХ рдмреИрдВрдХрд┐рдВрдЧ рдХрд╛ рдЖрдирдВрдж рд▓реЗрдиреЗ рдХреЗ рд▓рд┐рдП рдлрд┐рдиреЛрдкреЗ рдРрдк рдбрд╛рдЙрдирд▓реЛрдб рдХрд░реЗрдВред

-рдлрд┐рдиреЛ рдкреЗрдореЗрдВрдЯреНрд╕ рдмреИрдВрдХ
",,189108,189108,115756,87854,55489
DMT,24-01-2024 11:38,dmt_1hindi_followup,Merchant Base,"*рдбреАрдПрдордЯреА рд╡реНрдпрд╡рд╕рд╛рдп рдкрд░ рдЕрддрд┐рд░рд┐рдХреНрдд рдХрдореАрд╢рди!*

рдбреАрдПрдордЯреА рдХреЗ рд▓рд┐рдП рд╕реНрд▓реИрдм 1 рд▓рдХреНрд╖реНрдп рдкреНрд░рд╛рдкреНрдд рдХрд░реЗрдВ рдФрд░ рдЕрддрд┐рд░рд┐рдХреНрдд 0.02% рдХрдореАрд╢рди рдкреНрд░рд╛рдкреНрдд рдХрд░реЗрдВред, рдбреАрдПрдордЯреА рдХреЗ рд▓рд┐рдП рд╕реНрд▓реИрдм 2 рд▓рдХреНрд╖реНрдп рдкреНрд░рд╛рдкреНрдд рдХрд░реЗрдВ рдФрд░ рдЕрддрд┐рд░рд┐рдХреНрдд 0.03% рдХрдореАрд╢рди рдкреНрд░рд╛рдкреНрдд рдХрд░реЗрдВред (рдЬрдирд╡рд░реА 2024 рдСрдлрд░)",,275,275,187,110,74
DMT,24-01-2024 11:43,dmt_2_hindi_followup,Merchant Base,"*рдбреАрдПрдордЯреА рд╡реНрдпрд╡рд╕рд╛рдп рдкрд░ рдЕрддрд┐рд░рд┐рдХреНрдд рдХрдореАрд╢рди!*

рдбреАрдПрдордЯреА рдХреЗ рд▓рд┐рдП рд╕реНрд▓реИрдм 1 рд▓рдХреНрд╖реНрдп рдкреНрд░рд╛рдкреНрдд рдХрд░реЗрдВ рдФрд░ рдЕрддрд┐рд░рд┐рдХреНрдд 0.02% рдХрдореАрд╢рди рдкреНрд░рд╛рдкреНрдд рдХрд░реЗрдВред, рдбреАрдПрдордЯреА рдХреЗ рд▓рд┐рдП рд╕реНрд▓реИрдм 2 рд▓рдХреНрд╖реНрдп рдкреНрд░рд╛рдкреНрдд рдХрд░реЗрдВ рдФрд░ рдЕрддрд┐рд░рд┐рдХреНрдд 0.03% рдХрдореАрд╢рди рдкреНрд░рд╛рдкреНрдд рдХрд░реЗрдВред (рдЬрдирд╡рд░реА 2024 рдСрдлрд░)",,77,77,50,32,25
DMT,24-01-2024 11:45,dmt_3_hindi_followup,Merchant Base,"*рдбреАрдПрдордЯреА рд╡реНрдпрд╡рд╕рд╛рдп рдкрд░ рдЕрддрд┐рд░рд┐рдХреНрдд рдХрдореАрд╢рди!*

рдбреАрдПрдордЯреА рдХреЗ рд▓рд┐рдП рд╕реНрд▓реИрдм 1 рд▓рдХреНрд╖реНрдп рдкреНрд░рд╛рдкреНрдд рдХрд░реЗрдВ рдФрд░ рдЕрддрд┐рд░рд┐рдХреНрдд 0.03% рдХрдореАрд╢рди рдкреНрд░рд╛рдкреНрдд рдХрд░реЗрдВред, рдбреАрдПрдордЯреА рдХреЗ рд▓рд┐рдП рд╕реНрд▓реИрдм 2 рд▓рдХреНрд╖реНрдп рдкреНрд░рд╛рдкреНрдд рдХрд░реЗрдВ рдФрд░ рдЕрддрд┐рд░рд┐рдХреНрдд 0.04% рдХрдореАрд╢рди рдкреНрд░рд╛рдкреНрдд рдХрд░реЗрдВред (рдЬрдирд╡рд░реА 2024 рдСрдлрд░)",,80,80,61,41,17
Day 2 (SA  ROI 7.5%),24-01-2024 11:51,day_2_followup,CDP Base (Ones who do not have CASA),"рдлрд┐рдиреЛ рдХреЗ рд╕рд╛рде рдЕрдкрдиреА рдмрдЪрдд рдмрдврд╝рд╛рдПрдБ!
рдЕрдм рдЕрдкрдиреЗ рдмрдЪрдд рдЦрд╛рддреЗ рдХреА рд╢реЗрд╖ рд░рд╛рд╢рд┐ рдкрд░ 7.5% рддрдХ рдХрд╛ рдЕрдзрд┐рдХ рдмреНрдпрд╛рдЬ рджрд░ рдкреНрд░рд╛рдкреНрдд рдХрд░реЗрдВред

-рдлрд┐рдиреЛ рдкреЗрдореЗрдВрдЯреНрд╕ рдмреИрдВрдХ",,189117,189117,114201,71729,55469
FinoPay OTT,25-01-2024 15:13,ott_finopay_unconverted_leads_eng,Unconverted Base (Ones who do not have FinoPay),"Watch your favorite web series through OTT platforms with FinoPay!

Open and Fund your FinoPay Savings Account to watch unlimited content from popular OTT apps like Sony LIV, ZEE5, ShemarooMe + 15 more.

1. Get 18 OTTplay channels subscription worth тВ╣ 1532 for a month in just тВ╣ 1/-.
2. Complete your Video KYC and get 2 BookMyShow voucher worth тВ╣ 500!

*For detailed T&C, visit https://www.finobank.com/notice-board

- Fino Payments Bank",,13269,13269,8677,3970,1526
DMT,25-01-2024 16:32,dmt_1english,Merchant Base,"*Extra Commission On Dmt Business!* To achieve *Slab 1* Targets & get additional 0.02% Commission, To achieve *Slab 2* Targets & get Additional 0.03% Commission. (January 2023 Offer)",,275,275,179,50,73
DMT,25-01-2024 16:36,dmt_2_english,Merchant Base,"*Extra Commission On Dmt Business!* To achieve *Slab 1* Targets & get additional 0.02% Commission, To achieve *Slab 2* Targets & get Additional 0.03% Commission. (January 2023 Offer)",,77,77,47,14,25
DMT,25-01-2024 16:42,dmt_3_english,Merchant Base,"*Extra Commission On Dmt Business!* To achieve *Slab 1* Targets & get additional 0.03% Commission, To achieve *Slab 2* Targets & *get Additional 0.04% Commission. (January 2023 Offer)",,80,80,58,23,17